pallet_id,sku_id,owner_id,location_id,quantity,temperature
PAL-001,SKU-001,ACME,S-01,20,ambient
PAL-002,SKU-002,NOVA,S-02,20,ambient
PAL-003,SKU-003,ACME,S-03,20,ambient
PAL-004,SKU-004,NOVA,S-04,20,ambient
PAL-005,SKU-005,ACME,S-05,20,ambient
PAL-006,SKU-006,NOVA,S-06,20,ambient
PAL-007,SKU-001,ACME,S-07,20,ambient
PAL-008,SKU-002,NOVA,S-08,20,ambient
PAL-009,SKU-003,ACME,S-09,20,ambient
PAL-010,SKU-004,NOVA,S-10,20,ambient
PAL-011,SKU-005,ACME,S-11,20,ambient
PAL-012,SKU-006,NOVA,S-12,20,ambient
PAL-013,SKU-001,ACME,S-01,20,ambient
PAL-014,SKU-002,NOVA,S-02,20,ambient
PAL-015,SKU-003,ACME,S-03,20,ambient
PAL-016,SKU-004,NOVA,S-04,20,ambient
PAL-017,SKU-005,ACME,S-05,20,ambient
PAL-018,SKU-006,NOVA,S-06,20,ambient
PAL-019,SKU-001,ACME,S-07,20,ambient
PAL-020,SKU-002,NOVA,S-08,20,ambient
PAL-021,SKU-003,ACME,S-09,20,ambient
PAL-022,SKU-004,NOVA,S-10,20,ambient
PAL-023,SKU-005,ACME,S-11,20,ambient
PAL-024,SKU-006,NOVA,S-12,20,ambient
