order_id,owner_id,release_seconds,arrival_seconds,deadline_seconds,dock_id,pallet_id,quantity,observed_departure_seconds,scheduled_arrival_seconds,appointment_id
OUT-001,ACME,0,1200,1500,DOCK-A,PAL-001,20,,1200,
OUT-001,ACME,0,1200,1500,DOCK-A,PAL-003,20,,1200,
OUT-001,ACME,0,1200,1500,DOCK-A,PAL-005,20,,1200,
OUT-002,NOVA,0,1320,1620,DOCK-A,PAL-002,20,,1260,
OUT-002,NOVA,0,1320,1620,DOCK-A,PAL-004,20,,1260,
OUT-002,NOVA,0,1320,1620,DOCK-A,PAL-006,20,,1260,
OUT-003,ACME,0,1380,1680,DOCK-B,PAL-007,20,,1260,
OUT-003,ACME,0,1380,1680,DOCK-B,PAL-009,20,,1260,
OUT-003,ACME,0,1380,1680,DOCK-B,PAL-011,20,,1260,
OUT-004,NOVA,0,1500,1800,DOCK-B,PAL-008,20,,1500,
OUT-004,NOVA,0,1500,1800,DOCK-B,PAL-010,20,,1500,
OUT-004,NOVA,0,1500,1800,DOCK-B,PAL-012,20,,1500,
OUT-005,ACME,1200,3000,3300,DOCK-A,PAL-013,20,,2940,
OUT-005,ACME,1200,3000,3300,DOCK-A,PAL-015,20,,2940,
OUT-005,ACME,1200,3000,3300,DOCK-A,PAL-017,20,,2940,
OUT-006,NOVA,1320,3120,3420,DOCK-B,PAL-014,20,,3000,
OUT-006,NOVA,1320,3120,3420,DOCK-B,PAL-016,20,,3000,
OUT-006,NOVA,1320,3120,3420,DOCK-B,PAL-018,20,,3000,
OUT-007,ACME,2700,4500,4800,DOCK-A,PAL-019,20,,4500,
OUT-007,ACME,2700,4500,4800,DOCK-A,PAL-021,20,,4500,
OUT-007,ACME,2700,4500,4800,DOCK-A,PAL-023,20,,4500,
OUT-008,NOVA,2820,4620,4920,DOCK-B,PAL-020,20,,4560,
OUT-008,NOVA,2820,4620,4920,DOCK-B,PAL-022,20,,4560,
OUT-008,NOVA,2820,4620,4920,DOCK-B,PAL-024,20,,4560,
